{
  "particles": {
    "number": {
      "value": 12,
      "density": { "enable": false, "value_area": 3046.4829156444935 }
    },
    "color": { "value": "#ffffff" },
    "shape": {
      "type": "circle",
      "stroke": { "width": 0, "color": "#000" },
      "polygon": { "nb_sides": 10 },
      "image": { "src": "img/github.svg", "width": 30, "height": -60 }
    },
    "opacity": {
      "value": 0.8,
      "random": true,
      "anim": { "enable": false, "speed": 1, "opacity_min": 0.4, "sync": false }
    },
    "size": {
      "value": 20.110891978129494,
      "random": true,
      "anim": { "enable": true, "speed": 10, "size_min": 40, "sync": false }
    },
    "line_linked": {
      "enable": false,
      "distance": 300,
      "color": "#ffffff",
      "opacity": 1,
      "width": 2
    },
    "move": {
      "enable": true,
      "speed": 6,
      "direction": "none",
      "random": false,
      "straight": false,
      "out_mode": "out",
      "bounce": false,
      "attract": { "enable": false, "rotateX": 600, "rotateY": 1200 }
    }
  },
  "interactivity": {
    "detect_on": "canvas",
    "events": {
      "onhover": { "enable": false, "mode": "grab" },
      "onclick": { "enable": false, "mode": "push" },
      "resize": true
    },
    "modes": {
      "grab": { "distance": 400, "line_linked": { "opacity": 1 } },
      "bubble": {
        "distance": 499.4274855653273,
        "size": 40,
        "duration": 3.2483088492053804,
        "opacity": 1,
        "speed": 3
      },
      "repulse": { "distance": 406.03860615067254, "duration": 0.4 },
      "push": { "particles_nb": 4 },
      "remove": { "particles_nb": 2 }
    }
  },
  "retina_detect": true
}
